Order ID,ProductID,Quantity,Order Date
1,1,1,01-01-2023
2,2,2,01-02-2023
3,3,1,01-03-2023
4,4,3,01-04-2023
5,5,1,01-05-2023
6,6,1,01-06-2023
7,7,2,01-07-2023
8,8,1,01-08-2023
9,9,3,01-09-2023
10,10,1,01-10-2023
11,11,1,01-11-2023
12,12,2,01-12-2023
13,13,1,01-13-2023
14,14,3,01-14-2023
15,15,1,01-15-2023
16,16,1,01-16-2023
17,17,2,01-17-2023
18,18,1,01-18-2023
19,19,3,01-19-2023
20,20,1,01-20-2023
21,21,1,01-21-2023
22,22,2,01-22-2023
23,23,1,01-23-2023
24,24,3,01-24-2023
25,25,1,01-25-2023
26,26,1,01-26-2023
27,27,2,01-27-2023
28,28,1,01-28-2023
29,29,3,01-29-2023
30,30,1,01-30-2023
31,31,1,01-31-2023
32,32,2,02-01-2023
33,33,1,02-02-2023
34,34,3,02-03-2023
35,35,1,02-04-2023
36,36,1,02-05-2023
37,37,2,02-06-2023
38,38,1,02-07-2023
39,39,3,02-08-2023
40,40,1,02-09-2023
41,41,1,02-10-2023
42,42,2,02-11-2023
43,43,1,02-12-2023
44,44,3,02-13-2023
45,45,1,02-14-2023
46,46,1,02-15-2023
47,47,2,02-16-2023
48,48,1,02-17-2023
49,49,3,02-18-2023
50,50,1,02-19-2023
51,1,1,02-20-2023
52,2,2,02-21-2023
53,3,1,02-22-2023
54,4,3,02-23-2023
55,5,1,02-24-2023
56,6,1,02-25-2023
57,7,2,02-26-2023
58,8,1,02-27-2023
59,9,3,02-28-2023
60,10,1,03-01-2023
61,11,1,03-02-2023
62,12,2,03-03-2023
63,13,1,03-04-2023
64,14,3,03-05-2023
65,15,1,03-06-2023
66,16,1,03-07-2023
67,17,2,03-08-2023
68,18,1,03-09-2023
69,19,3,03-10-2023
70,20,1,03-11-2023
71,21,1,03-12-2023
72,22,2,03-13-2023
73,23,1,03-14-2023
74,24,3,03-15-2023
75,25,1,03-16-2023
76,26,1,03-17-2023
77,27,2,03-18-2023
78,28,1,03-19-2023
79,29,3,03-20-2023
80,30,1,03-21-2023
81,31,1,03-22-2023
82,32,2,03-23-2023
83,33,1,03-24-2023
84,34,3,03-25-2023
85,35,1,03-26-2023
86,36,1,03-27-2023
87,37,2,03-28-2023
88,38,1,03-29-2023
89,39,3,03-30-2023
90,40,1,03-31-2023
91,41,1,04-01-2023
92,42,2,04-02-2023
93,43,1,04-03-2023
94,44,3,04-04-2023
95,45,1,04-05-2023
96,46,1,04-06-2023
97,47,2,04-07-2023
98,48,1,04-08-2023
99,49,3,04-09-2023
100,50,1,04-10-2023
